"Company Id: ",981," ","Company Name: ","2043733 ONTARIO INC."," ",DBA,"CH LOGISTIX"," ","Effective Date: ",2026-01-28
SITE,NAME,CITY,STATE,PROD,COST,"FEDERAL TAX","STATE TAX","SALES TAX",FREIGHT,OTHER,"TOTAL COST","RETAIL PRICE","YOUR PRICE",SAVINGS
1277,"LOVES #368",Clanton,AL,ULSD,2.3245,0.2483,0.3175,0,0.1187,0.02,3.029,3.649,3.029,0.62
8313,"LOVES #877",Cullman,AL,ULSD,2.3102,0.2483,0.3175,0,0.065,0.01,2.951,3.789,2.951,0.838
36091,"LOVES #773",Eutaw,AL,ULSD,2.3102,0.2483,0.3175,0,0.0522,0.06,2.988,3.589,2.988,0.601
1106,"LOVES #225",Evergreen,AL,ULSD,2.3245,0.2483,0.3175,0,0.0949,0.07,3.055,3.689,3.055,0.634
1375,"LOVES #381",Falkville,AL,ULSD,2.3102,0.2483,0.3175,0,0.0825,0.03,2.989,3.789,2.989,0.8
14312,"LOVES #814",Hamilton,AL,ULSD,2.3502,0.2483,0.3175,0,0.08,0.03,3.026,3.649,3.026,0.623
2172,"LOVES #818",Heflin,AL,ULSD,2.3102,0.2483,0.3175,0,0.065,0.03,2.971,3.649,2.971,0.678
33059,"LOVES #718","Hope Hull",AL,ULSD,2.3245,0.2483,0.3175,0,0.0625,0.03,2.983,3.689,2.983,0.706
21124,"LOVES #846",Irvington,AL,ULSD,2.3914,0.2483,0.3175,0,0.07,0.03,3.057,3.789,3.057,0.732
1173,"LOVES #466",Jasper,AL,ULSD,2.3102,0.2483,0.3175,0,0.0362,0.04,2.952,3.649,2.952,0.697
1157,"LOVES #206",Loxley,AL,ULSD,2.3914,0.2483,0.3175,0,0.068,0.09,3.115,3.849,3.115,0.734
1108,"LOVES #227","Mc Calla",AL,ULSD,2.3102,0.2483,0.3175,0,0.0475,0.02,2.944,3.649,2.944,0.705
1055,"LOVES #530",Moody,AL,ULSD,2.3102,0.2483,0.3175,0,0.0675,0.08,3.024,3.649,3.024,0.625
1113,"LOVES #566",Ozark,AL,ULSD,2.4416,0.2483,0.3175,0,0.0825,0.07,3.16,3.789,3.16,0.629
1155,"LOVES #624",Prichard,AL,ULSD,2.3914,0.2483,0.3175,0,0.0675,0.08,3.105,3.749,3.105,0.644
1152,"LOVES #577",Shorter,AL,ULSD,2.3245,0.2483,0.3175,0,0.0667,0.1,3.057,3.679,3.057,0.622
38263,"LOVES #774","Smiths Station",AL,ULSD,2.3245,0.2483,0.3175,0,0.089,0.03,3.009,3.649,3.009,0.64
1147,"LOVES #304",Steele,AL,ULSD,2.3102,0.2483,0.3175,0,0.0587,0.08,3.015,3.889,3.015,0.874
1114,"LOVES #580",Tuscumbia,AL,ULSD,2.3102,0.2483,0.3175,0,0.1155,0.0175,3.009,3.789,3.009,0.78
8031,"LOVES #635",Alma,AR,ULSD,2.2498,0.2483,0.285,0,0.0455,0.003,2.832,3.629,2.832,0.797
40016,"LOVES #671",Blytheville,AR,ULSD,2.418,0.2483,0.285,0,0.1025,0.003,3.057,3.739,3.057,0.682
52153,"LOVES #822",Clarksville,AR,ULSD,2.3178,0.2483,0.285,0,0.0875,0.003,2.942,3.589,2.942,0.647
6160,"LOVES #759",Hazen,AR,ULSD,2.3178,0.2483,0.285,0,0.065,0.003,2.919,3.549,2.919,0.63
4116,"LOVES #607",Jonesboro,AR,ULSD,2.3412,0.2483,0.285,0,0.0875,0.003,2.965,3.649,2.965,0.684
44598,"LOVES #689","Lake Village",AR,ULSD,2.3178,0.2483,0.285,0,0.0992,0.003,2.953,3.489,2.953,0.536
4198,"LOVES #457","Little Rock",AR,ULSD,2.3178,0.2483,0.285,0,0.06,0.003,2.914,3.549,2.914,0.635
10170,"LOVES #779",Malvern,AR,ULSD,2.3824,0.2483,0.285,0,0.087,0.003,3.006,3.849,3.006,0.843
4122,"LOVES #267",Morrilton,AR,ULSD,2.3178,0.2483,0.285,0,0.0875,0.003,2.942,3.589,2.942,0.647
4053,"LOVES #236","N Little Rock",AR,ULSD,2.3178,0.2483,0.285,0,0.06,0.003,2.914,3.549,2.914,0.635
4134,"LOVES #271",Ozark,AR,ULSD,2.3178,0.2483,0.285,0,0.0875,0.003,2.942,3.589,2.942,0.647
4150,"LOVES #275",Palestine,AR,ULSD,2.3412,0.2483,0.285,0,0.0555,0.003,2.933,3.689,2.933,0.756
35130,"LOVES #661","Pine Bluff",AR,ULSD,2.3178,0.2483,0.285,0,0.0751,0.003,2.929,3.489,2.929,0.56
4321,"LOVES #277",Prescott,AR,ULSD,2.3824,0.2483,0.285,0,0.0884,0.003,3.007,3.989,3.007,0.982
21236,"LOVES #884",Prescott,AR,ULSD,2.3824,0.2483,0.285,0,0.0884,0.003,3.007,3.989,3.007,0.982
4075,"LOVES #557",Searcy,AR,ULSD,2.3178,0.2483,0.285,0,0.07,0.003,2.924,3.649,2.924,0.725
4037,"LOVES #450","West Memphis",AR,ULSD,2.3412,0.2483,0.285,0,0.0575,0.003,2.935,3.689,2.935,0.754
3313,"LOVES #460",Benson,AZ,ULSD,2.5757,0.2483,0.26,0,0.0908,0.01,3.185,3.789,3.185,0.604
3079,"LOVES #280",Buckeye,AZ,ULSD,2.5025,0.2483,0.26,0,0.0758,0.01,3.097,4.049,3.097,0.952
3753,"LOVES #328","Chandler ",AZ,ULSD,2.5025,0.2483,0.26,0,0.0387,0.01,3.06,4.089,3.06,1.029
30448,"LOVES #972",ELOY,AZ,ULSD,2.5025,0.2483,0.26,0,0.0725,0.01,3.093,4.089,3.093,0.996
3087,"LOVES #265",Eloy,AZ,ULSD,2.5025,0.2483,0.26,0,0.0725,0.01,3.093,4.089,3.093,0.996
3084,"LOVES #296","Gila Bend",AZ,ULSD,2.5025,0.2483,0.26,0,0.1025,0.01,3.123,4.049,3.123,0.926
3082,"LOVES #278","Joseph City",AZ,ULSD,2.456,0.2483,0.26,0,0.1899,0.01,3.164,4.189,3.164,1.025
3028,"LOVES #272",Kingman,AZ,ULSD,2.4593,0.2483,0.26,0,0.1558,0.01,3.133,4.049,3.133,0.916
3244,"LOVES #386","Lake Havasu City",AZ,ULSD,2.4593,0.2483,0.26,0,0.167,0.01,3.145,4.049,3.145,0.904
29105,"LOVES #722",Mayer,AZ,ULSD,2.5025,0.2483,0.26,0,0.0975,0.01,3.118,4.089,3.118,0.971
30348,"LOVES #350",Nogales,AZ,ULSD,2.5757,0.2483,0.26,0,0.0597,0.01,3.154,3.789,3.154,0.635
3081,"LOVES #286",Quartzsite,AZ,ULSD,2.5025,0.2483,0.26,0,0.135,0.01,3.156,4.089,3.156,0.933
3134,"LOVES #659",Tolleson,AZ,ULSD,2.5025,0.2483,0.26,0,0.062,0.01,3.083,4.089,3.083,1.006
49246,"LOVES #831",Willcox,AZ,ULSD,2.5757,0.2483,0.26,0,0.0821,0.01,3.176,4.189,3.176,1.013
3078,"LOVES #553",Williams,AZ,ULSD,2.5025,0.2483,0.26,0,0.1259,0.01,3.147,4.149,3.147,1.002
47463,"LOVES #971",Winslow,AZ,ULSD,2.5025,0.2483,0.26,0,0.17,0.01,3.191,4.189,3.191,0.998
3764,"LOVES #349",Yuma,AZ,ULSD,2.4432,0.2483,0.26,0,0.095,0.01,3.057,3.989,3.057,0.932
3495,"LOVES #830",Bakersfield,CA,ULSD,2.9454,0.2483,0.466,0.46352,0.0725,0.02465,4.22,4.949,4.22,0.729
5356,"LOVES #374",Barstow,CA,ULSD,2.889,0.2483,0.466,0.47335,0.0825,0.02465,4.184,4.889,4.184,0.705
34155,"LOVES #755",Boron,CA,ULSD,2.889,0.2483,0.466,0.46178,0.1165,0.02465,4.206,5.089,4.206,0.883
5266,"LOVES #207",Coachella,CA,ULSD,2.9027,0.2483,0.466,0.48099,0.1215,0.02465,4.244,4.889,4.244,0.645
5218,"LOVES #410",Corning,CA,ULSD,2.933,0.2483,0.466,0.44934,0.1025,0.02465,4.224,4.889,4.224,0.665
5597,"LOVES #538",Lodi,CA,ULSD,2.8897,0.2483,0.466,0.44235,0.094,0.02465,4.165,4.889,4.165,0.724
5752,"LOVES #230","Lost Hills",CA,ULSD,2.8876,0.2483,0.466,0.46264,0.124,0.02465,4.213,4.889,4.213,0.676
1217,"LOVES #736",Madera,CA,ULSD,2.8876,0.2483,0.466,0.45963,0.1025,0.02465,4.189,5.149,4.189,0.96
42398,"LOVES #807",Patterson,CA,ULSD,2.8897,0.2483,0.466,0.44675,0.095,0.02465,4.17,5.089,4.17,0.919
5006,"LOVES #223","Ripon ",CA,ULSD,2.8897,0.2483,0.466,0.44066,0.0815,0.02465,4.151,4.989,4.151,0.838
24309,"LOVES #898",Salinas,CA,ULSD,2.8752,0.2483,0.466,0.49607,0.139,0.02465,4.249,5.089,4.249,0.84
5223,"LOVES #441","Santa Nella",CA,ULSD,2.8897,0.2483,0.466,0.44254,0.0954,0.02465,4.167,5.189,4.167,1.022
5211,"LOVES #392",Tehachapi,CA,ULSD,2.9454,0.2483,0.466,0.47213,0.134,0.02465,4.29,5.089,4.29,0.799
5578,"LOVES #382",Tulare,CA,ULSD,2.8876,0.2483,0.466,0.45963,0.1025,0.02465,4.189,4.989,4.189,0.8
44591,"LOVES #749",Westmorland,CA,ULSD,2.9895,0.2483,0.466,0.45683,0.1015,0.02465,4.287,5.089,4.287,0.802
1170,"LOVES #652",Williams,CA,ULSD,2.9283,0.2483,0.466,0.46589,0.1065,0.02465,4.24,4.889,4.24,0.649
37572,"LOVES #838",BRIGHTON,CO,ULSD,2.3798,0.2483,0.205,0,0.0388,0.14175,3.014,3.189,3.014,0.175
6058,"LOVES #300",Bennett,CO,ULSD,2.3798,0.2483,0.205,0,0.049,0.14175,3.024,3.229,3.024,0.205
42150,"LOVES #668",Berthoud,CO,ULSD,2.3798,0.2483,0.205,0,0.0587,0.14175,3.034,3.689,3.034,0.655
42110,"LOVES #649",Brush,CO,ULSD,2.3798,0.2483,0.205,0,0.0792,0.14175,3.054,3.589,3.054,0.535
6134,"LOVES #644",Burlington,CO,ULSD,2.3798,0.2483,0.205,0,0.0825,0.14175,3.057,3.789,3.057,0.732
3450,"LOVES #873","Canon City",CO,ULSD,2.4133,0.2483,0.205,0,0.095,0.14175,3.103,3.689,3.103,0.586
23358,"LOVES #850",Cortez,CO,ULSD,2.5822,0.2483,0.205,0,0.1155,0.14175,3.293,3.689,3.293,0.396
44096,"LOVES #653",Eads,CO,ULSD,2.3798,0.2483,0.205,0,0.1342,0.14175,3.109,3.689,3.109,0.58
6047,"LOVES #517","Grand Junction",CO,ULSD,2.3798,0.2483,0.205,0,0.2508,0.14175,3.226,3.789,3.226,0.563
6142,"LOVES #377",Hudson,CO,ULSD,2.3798,0.2483,0.205,0,0.06,0.14175,3.035,3.389,3.035,0.354
6053,"LOVES #23",Lamar,CO,ULSD,2.2611,0.2483,0.205,0,0.1385,0.14175,2.995,3.419,2.995,0.424
2266,"LOVES #826",Parachute,CO,ULSD,2.3798,0.2483,0.205,0,0.2508,0.14175,3.226,3.789,3.226,0.563
6038,"LOVES #226",Pueblo,CO,ULSD,2.4133,0.2483,0.205,0,0.0945,0.14175,3.103,3.689,3.103,0.586
27380,"LOVES #1035",TRINIDAD,CO,ULSD,2.3918,0.2483,0.205,0,0.149,0.14175,3.136,3.289,3.136,0.153
13330,"LOVES #660",Walsenburg,CO,ULSD,2.3918,0.2483,0.205,0,0.149,0.14175,3.136,3.289,3.136,0.153
7225,"LOVES #646",Willington,CT,ULSD,2.694,0.2483,0.489,0,0.0761,0,3.507,4.899,3.507,1.392
10281,"LOVES #228",Auburndale,FL,ULSD,2.4226,0.2483,0.389,0,0.065,0.02072,3.146,3.789,3.146,0.643
44300,"LOVES #708",Bushnell,FL,ULSD,2.4226,0.2483,0.389,0,0.0875,0.02072,3.168,3.849,3.168,0.681
10266,"LOVES #453",Cottondale,FL,ULSD,2.4416,0.2483,0.389,0,0.0662,0.02072,3.166,3.889,3.166,0.723
39001,"LOVES #627",Davenport,FL,ULSD,2.4639,0.2483,0.389,0,0.0925,0.02072,3.214,3.889,3.214,0.675
10063,"LOVES #415","Fort Pierce",FL,ULSD,2.4472,0.2483,0.389,0,0.12,0.02072,3.225,3.989,3.225,0.764
10101,"LOVES #467","Fort Pierce",FL,ULSD,2.4472,0.2483,0.389,0,0.12,0.02072,3.225,3.989,3.225,0.764
25021,"LOVES #620",Hawthorne,FL,ULSD,2.4639,0.2483,0.389,0,0.0925,0.02072,3.214,4.089,3.214,0.875
10165,"LOVES #603",Jacksonville,FL,ULSD,2.4364,0.2483,0.389,0,0.06,0.02072,3.154,3.789,3.154,0.635
20166,"LOVES #761",Jacksonville,FL,ULSD,2.4364,0.2483,0.389,0,0.057,0.02072,3.151,4.089,3.151,0.938
27278,"LOVES #828",Jacksonville,FL,ULSD,2.4364,0.2483,0.389,0,0.065,0.02072,3.159,3.649,3.159,0.49
10393,"LOVES #470",Jasper,FL,ULSD,2.3861,0.2483,0.389,0,0.1075,0.02072,3.152,3.849,3.152,0.697
31109,"LOVES #724","Lake City",FL,ULSD,2.4226,0.2483,0.389,0,0.1506,0.02072,3.231,3.849,3.231,0.618
36087,"LOVES #674","Lake Wales",FL,ULSD,2.4639,0.2483,0.389,0,0.0875,0.02072,3.209,3.889,3.209,0.68
10382,"LOVES #379",Lee,FL,ULSD,2.4416,0.2483,0.389,0,0.105,0.02072,3.205,3.989,3.205,0.784
7138,"LOVES #802",Milton,FL,ULSD,2.4416,0.2483,0.389,0,0.1358,0.02072,3.235,3.849,3.235,0.614
49153,"LOVES #868",Mims,FL,ULSD,2.481,0.2483,0.389,0,0.09,0.02072,3.229,3.949,3.229,0.72
49044,"LOVES #683","Moore Haven",FL,ULSD,2.4491,0.2483,0.389,0,0.1,0.02072,3.207,3.989,3.207,0.782
10127,"LOVES #561","Mossy Head",FL,ULSD,2.4416,0.2483,0.389,0,0.0985,0.02072,3.198,3.889,3.198,0.691
10118,"LOVES #495","North Fort Myers",FL,ULSD,2.4226,0.2483,0.389,0,0.1225,0.02072,3.203,3.989,3.203,0.786
10252,"LOVES #363",Ocala,FL,ULSD,2.4226,0.2483,0.389,0,0.1175,0.02072,3.198,3.949,3.198,0.751
10638,"LOVES #316","Ormond Beach",FL,ULSD,2.481,0.2483,0.389,0,0.09,0.02072,3.229,4.049,3.229,0.82
36370,"LOVES #894","St Augustine",FL,ULSD,2.4364,0.2483,0.389,0,0.075,0.02072,3.169,4.049,3.169,0.88
26156,"LOVES #808",Albany,GA,ULSD,2.3861,0.2483,0.373,0,0.07,0.0975,3.175,3.989,3.175,0.814
11188,"LOVES #405",Brunswick,GA,ULSD,2.4364,0.2483,0.373,0,0.0595,0.0975,3.215,3.889,3.215,0.674
27148,"LOVES #735",Calhoun,GA,ULSD,2.3155,0.2483,0.373,0,0.0625,0.1275,3.127,3.749,3.127,0.622
1190,"LOVES #765",Commerce,GA,ULSD,2.3448,0.2483,0.373,0,0.05,0.0975,3.114,3.749,3.114,0.635
51171,"LOVES #801",Cordele,GA,ULSD,2.3861,0.2483,0.373,0,0.0825,0.0975,3.187,3.789,3.187,0.602
11098,"LOVES #320",Dublin,GA,ULSD,2.345,0.2483,0.373,0,0.085,0.0975,3.149,3.789,3.149,0.64
27157,"LOVES #778",Ellabell,GA,ULSD,2.4919,0.2483,0.373,0,0.0775,0.1275,3.318,3.889,3.318,0.571
11466,"LOVES #359",Emerson,GA,ULSD,2.3443,0.2483,0.373,0,0.0645,0.0975,3.128,3.749,3.128,0.621
52100,"LOVES #893","Garden City",GA,ULSD,2.4919,0.2483,0.373,0,0.065,0.0975,3.276,3.689,3.276,0.413
11607,"LOVES #376",Hogansville,GA,ULSD,2.3443,0.2483,0.373,0,0.0775,0.0975,3.141,3.949,3.141,0.808
11302,"LOVES #307",Jackson,GA,ULSD,2.3443,0.2483,0.373,0,0.0712,0.1275,3.164,3.849,3.164,0.685
16060,"LOVES #698",Macon,GA,ULSD,2.345,0.2483,0.373,0,0.06,0.0975,3.124,3.749,3.124,0.625
37259,"LOVES #781",Madison,GA,ULSD,2.3448,0.2483,0.373,0,0.065,0.0975,3.129,3.949,3.129,0.82
11956,"LOVES #338","Richmond Hill ",GA,ULSD,2.4919,0.2483,0.373,0,0.065,0.1275,3.306,3.749,3.306,0.443
32311,"LOVES #819",Rincon,GA,ULSD,2.4919,0.2483,0.373,0,0.065,0.0975,3.276,3.549,3.276,0.273
11983,"LOVES #354",Thomson,GA,ULSD,2.3275,0.2483,0.373,0,0.055,0.1275,3.131,3.849,3.131,0.718
11356,"LOVES #325",Tifton,GA,ULSD,2.3861,0.2483,0.373,0,0.0825,0.0975,3.187,3.949,3.187,0.762
23378,"LOVES #550",Valdosta,GA,ULSD,2.4416,0.2483,0.373,0,0.085,0.0975,3.245,3.849,3.245,0.604
11400,"LOVES #311","Waco ",GA,ULSD,2.3443,0.2483,0.373,0,0.0675,0.0975,3.131,3.789,3.131,0.658
7262,"LOVES #771","West Point",GA,ULSD,2.3245,0.2483,0.373,0,0.145,0.0975,3.188,3.769,3.188,0.581
15057,"LOVES #411",Clive,IA,ULSD,2.2676,0.2483,0.325,0,0.06,0,2.901,3.889,2.901,0.988
15003,"LOVES #476",Davenport,IA,ULSD,2.3136,0.2483,0.325,0,0.08,0,2.967,3.989,2.967,1.022
44117,"LOVES #684",Ellsworth,IA,ULSD,2.2652,0.2483,0.325,0,0.0875,0,2.926,3.889,2.926,0.963
49061,"LOVES #670",Floyd,IA,ULSD,2.2652,0.2483,0.325,0,0.08,0,2.919,3.889,2.919,0.97
31255,"LOVES #869","Le Mars",IA,ULSD,2.2673,0.2483,0.325,0,0.0537,0,2.894,3.689,2.894,0.795
41221,"LOVES #882",Muscatine,IA,ULSD,2.3136,0.2483,0.325,0,0.08,0,2.967,3.489,2.967,0.522
15388,"LOVES #361","Newton ",IA,ULSD,2.2676,0.2483,0.325,0,0.055,0,2.896,3.889,2.896,0.993
47077,"LOVES #704","Pacific Junction",IA,ULSD,2.3301,0.2483,0.325,0,0.0675,0,2.971,3.789,2.971,0.818
15051,"LOVES #426",Shelby,IA,ULSD,2.3301,0.2483,0.325,0,0.06,0,2.963,3.789,2.963,0.826
15191,"LOVES #479","Sioux City",IA,ULSD,2.2673,0.2483,0.325,0,0.063,0,2.904,3.889,2.904,0.985
17118,"LOVES #702",Waterloo,IA,ULSD,2.2768,0.2483,0.325,0,0.0608,0,2.911,3.689,2.911,0.778
22230,"LOVES #812",Bliss,ID,ULSD,2.4546,0.2483,0.32,0,0.0825,0.01,3.115,3.849,3.115,0.734
12519,"LOVES #334","Heyburn ",ID,ULSD,2.4546,0.2483,0.32,0,0.08,0.01,3.113,3.849,3.113,0.736
12048,"LOVES #478","Idaho Falls",ID,ULSD,2.4659,0.2483,0.32,0,0.0775,0.01,3.122,3.749,3.122,0.627
12288,"LOVES #301","Post Falls",ID,ULSD,3.2432,0.2483,0.32,0,0.1258,0.01,3.947,3.849,3.849,0
46081,"LOVES #766",Atkinson,IL,ULSD,2.2182,0.2483,0.558,0.19894,0.0695,0.011,3.304,3.689,3.304,0.385
42345,"LOVES #768",Channahon,IL,ULSD,2.2182,0.2483,0.558,0.21716,0.057,0.171,3.47,3.749,3.47,0.279
14200,"LOVES #746",Decatur,IL,ULSD,2.1654,0.2483,0.558,0.23249,0.0587,0.021,3.284,3.549,3.284,0.265
13312,"LOVES #292",Dwight,IL,ULSD,2.2182,0.2483,0.558,0.18894,0.1086,0.011,3.333,3.689,3.333,0.356
1273,"LOVES #800","Elk Grove Village",IL,ULSD,2.2182,0.2483,0.558,0.2617,0.0595,0.071,3.417,3.849,3.417,0.432
10345,"LOVES #834","Grant Park",IL,ULSD,2.2182,0.2483,0.558,0.18542,0.06,0.011,3.281,3.349,3.281,0.068
38070,"LOVES #688",Greenup,IL,ULSD,2.2511,0.2483,0.558,0.20052,0.057,0.011,3.326,3.889,3.326,0.563
13281,"LOVES #384",Greenville,IL,ULSD,2.1966,0.2483,0.558,0.22167,0.0575,0.011,3.293,3.889,3.293,0.596
13167,"LOVES #578",Hamel,IL,ULSD,2.1966,0.2483,0.558,0.19805,0.047,0.011,3.259,3.749,3.259,0.49
52045,"LOVES #763",Hampshire,IL,ULSD,2.2182,0.2483,0.558,0.2113,0.0937,0.061,3.391,3.789,3.391,0.398
13015,"LOVES #318",Ina,IL,ULSD,2.2045,0.2483,0.558,0.17522,0.112,0.011,3.309,3.789,3.309,0.48
13311,"LOVES #395",Kankakee,IL,ULSD,2.2182,0.2483,0.558,0.21095,0.0595,0.011,3.306,3.749,3.306,0.443
44129,"LOVES #685",Knoxville,IL,ULSD,2.3136,0.2483,0.558,0.23449,0.087,0.011,3.452,3.889,3.452,0.437
13341,"LOVES #367","Le Roy",IL,ULSD,2.1654,0.2483,0.558,0.2414,0.165,0.011,3.389,3.689,3.389,0.3
46114,"LOVES #803",Marion,IL,ULSD,2.1966,0.2483,0.558,0.24585,0.092,0.031,3.372,3.949,3.372,0.577
33146,"LOVES #804",Monmouth,IL,ULSD,2.3136,0.2483,0.558,0.29498,0.0687,0.031,3.515,3.589,3.515,0.074
6283,"LOVES #851","Monroe Center",IL,ULSD,2.2007,0.2483,0.558,0.15773,0.0437,0.011,3.219,3.789,3.219,0.57
40315,"LOVES #859",Morris,IL,ULSD,2.2182,0.2483,0.558,0.15997,0.062,0.011,3.257,3.789,3.257,0.532
51216,"LOVES #824","Mt Vernon",IL,ULSD,2.2045,0.2483,0.558,0.24375,0.082,0.011,3.348,3.789,3.348,0.441
13222,"LOVES #583","New Baden",IL,ULSD,2.1966,0.2483,0.558,0.22416,0.057,0.011,3.295,3.949,3.295,0.654
10409,"LOVES #867",Normal,IL,ULSD,2.1654,0.2483,0.558,0.25323,0.0725,0.091,3.388,3.589,3.388,0.201
14140,"LOVES #750",Oakwood,IL,ULSD,2.1654,0.2483,0.558,0.18888,0.0737,0.011,3.245,3.789,3.245,0.544
13121,"LOVES #529",Oglesby,IL,ULSD,2.2182,0.2483,0.558,0.17969,0.0695,0.011,3.285,3.689,3.285,0.404
40240,"LOVES #880",Olney,IL,ULSD,2.2511,0.2483,0.558,0.22724,0.0666,0.011,3.362,3.389,3.362,0.027
49099,"LOVES #754",Rochelle,IL,ULSD,2.2007,0.2483,0.558,0.18295,0.0435,0.011,3.244,3.849,3.244,0.605
18290,"LOVES #775",Rockford,IL,ULSD,2.2007,0.2483,0.558,0.22017,0.0362,0.011,3.274,3.389,3.274,0.115
13315,"LOVES #322",Roscoe,IL,ULSD,2.2182,0.2483,0.558,0.19909,0.0714,0.011,3.306,3.789,3.306,0.483
10177,"LOVES #758",Sauget,IL,ULSD,2.1966,0.2483,0.558,0.19212,0.052,0.011,3.258,3.749,3.258,0.491
24040,"LOVES #606","South Holland",IL,ULSD,2.2182,0.2483,0.558,0.25305,0.0762,0.101,3.455,3.749,3.455,0.294
44116,"LOVES #687","South Jacksonville",IL,ULSD,2.1966,0.2483,0.558,0.18603,0.09,0.011,3.29,3.789,3.29,0.499
44919,"LOVES #798",Tuscola,IL,ULSD,2.1654,0.2483,0.558,0.19528,0.075,0.011,3.253,3.889,3.253,0.636
13949,"LOVES #351","Utica ",IL,ULSD,2.2182,0.2483,0.558,0.17917,0.062,0.011,3.277,3.689,3.277,0.412
39251,"LOVES #425",WILMINGTON,IL,ULSD,2.2182,0.2483,0.558,0.18955,0.1603,0.061,3.435,3.449,3.435,0.014
30200,"LOVES #770",Wadsworth,IL,ULSD,2.2085,0.2483,0.558,0.21044,0.0947,0.059,3.379,3.849,3.379,0.47
13138,"LOVES #249",Williamsville,IL,ULSD,2.2944,0.2483,0.558,0.23281,0.057,0.041,3.432,3.689,3.432,0.257
14203,"LOVES #551",Angola,IN,ULSD,2.2195,0.2483,0.61,0,0.0875,0.01,3.175,3.949,3.175,0.774
14313,"LOVES #394",Demotte,IN,ULSD,2.225,0.2483,0.61,0,0.0725,0.01,3.166,3.849,3.166,0.683
14115,"LOVES #417",Gary,IN,ULSD,2.225,0.2483,0.61,0,0.0575,0.01,3.151,3.849,3.151,0.698
16125,"LOVES #729",Goshen,IN,ULSD,2.2195,0.2483,0.61,0,0.0625,0.01,3.15,3.849,3.15,0.699
14092,"LOVES #414",Haubstadt,IN,ULSD,2.3087,0.2483,0.61,0,0.07,0.01,3.247,3.949,3.247,0.702
45195,"LOVES #879",Huntington,IN,ULSD,2.2638,0.2483,0.61,0,0.0708,0.01,3.203,3.489,3.203,0.286
14112,"LOVES #601",Knightstown,IN,ULSD,2.2379,0.2483,0.61,0,0.0725,0.01,3.179,3.889,3.179,0.71
22321,"LOVES #874",Lafayette,IN,ULSD,2.225,0.2483,0.61,0,0.0845,0.01,3.178,3.889,3.178,0.711
16246,"LOVES #839",Leavenworth,IN,ULSD,2.3364,0.2483,0.61,0,0.0775,0.01,3.282,3.989,3.282,0.707
14389,"LOVES #323",Marion,IN,ULSD,2.206,0.2483,0.61,0,0.0625,0.01,3.137,3.889,3.137,0.752
14938,"LOVES #355","Memphis ",IN,ULSD,2.3364,0.2483,0.61,0,0.0775,0.01,3.282,3.889,3.282,0.607
11426,"LOVES #876","Michigan City",IN,ULSD,2.225,0.2483,0.61,0,0.06,0.01,3.153,3.749,3.153,0.596
14316,"LOVES #254",Mooresville,IN,ULSD,2.2379,0.2483,0.61,0,0.062,0.01,3.168,3.989,3.168,0.821
14182,"LOVES #600",Pendleton,IN,ULSD,2.206,0.2483,0.61,0,0.065,0.01,3.139,3.889,3.139,0.75
14388,"LOVES #319",Pittsboro,IN,ULSD,2.2379,0.2483,0.61,0,0.0725,0.01,3.179,3.989,3.179,0.81
14081,"LOVES #633",Plymouth,IN,ULSD,2.2195,0.2483,0.61,0,0.08,0.01,3.168,3.949,3.168,0.781
14228,"LOVES #222","Richmond ",IN,ULSD,2.2379,0.2483,0.61,0,0.0725,0.01,3.179,3.889,3.179,0.71
14351,"LOVES #391","Saint Paul",IN,ULSD,2.2379,0.2483,0.61,0,0.0775,0.01,3.184,3.989,3.184,0.805
52006,"LOVES #664","Terre Haute",IN,ULSD,2.2379,0.2483,0.61,0,0.09,0.01,3.196,3.949,3.196,0.753
28095,"LOVES #710",Tipton,IN,ULSD,2.206,0.2483,0.61,0,0.0549,0.01,3.129,3.949,3.129,0.82
14117,"LOVES #451",Whiteland,IN,ULSD,2.2379,0.2483,0.61,0,0.0725,0.01,3.179,4.089,3.179,0.91
14371,"LOVES #459",Whitestown,IN,ULSD,2.2379,0.2483,0.61,0,0.0625,0.01,3.169,3.889,3.169,0.72
14164,"LOVES #592",Woodburn,IN,ULSD,2.2638,0.2483,0.61,0,0.0833,0.01,3.215,3.679,3.215,0.464
44408,"LOVES #732",Abilene,KS,ULSD,2.2505,0.2483,0.26,0,0.055,0.0103,2.824,3.849,2.824,1.025
16088,"LOVES #647",Belleville,KS,ULSD,2.2505,0.2483,0.26,0,0.0901,0.0103,2.859,3.899,2.859,1.04
27049,"LOVES #692",Chanute,KS,ULSD,2.2252,0.2483,0.26,0,0.1142,0.0103,2.858,3.589,2.858,0.731
47037,"LOVES #695",Cunningham,KS,ULSD,2.2252,0.2483,0.26,0,0.0792,0.0103,2.823,3.889,2.823,1.066
16043,"LOVES #558","Dodge City",KS,ULSD,2.2252,0.2483,0.26,0,0.1287,0.0103,2.873,3.889,2.873,1.016
16242,"LOVES #455",Ellis,KS,ULSD,2.2611,0.2483,0.26,0,0.1075,0.0103,2.887,3.749,2.887,0.862
16078,"LOVES #656",Holcomb,KS,ULSD,2.2611,0.2483,0.26,0,0.0889,0.0103,2.869,3.649,2.869,0.78
16091,"LOVES #632",Liberal,KS,ULSD,2.3157,0.2483,0.26,0,0.0388,0.0103,2.873,4.049,2.873,1.176
16061,"LOVES #608",McPherson,KS,ULSD,2.2252,0.2483,0.26,0,0.0925,0.0103,2.836,3.849,2.836,1.013
16252,"LOVES #258",Ottawa,KS,ULSD,2.2288,0.2483,0.26,0,0.095,0.0103,2.842,3.549,2.842,0.707
16084,"LOVES #655","Scott City",KS,ULSD,2.2611,0.2483,0.26,0,0.0538,0.0103,2.834,3.389,2.834,0.555
25060,"LOVES #703","South Hutchinson",KS,ULSD,2.2252,0.2483,0.26,0,0.0925,0.0103,2.836,3.679,2.836,0.843
19096,"LOVES #769",Topeka,KS,ULSD,2.2252,0.2483,0.26,0,0.1308,0.0103,2.875,3.479,2.875,0.604
6406,"LOVES #958",Wichita,KS,ULSD,2.2252,0.2483,0.26,0,0.0925,0.0103,2.836,3.449,2.836,0.613
17977,"LOVES #348","Calvert City",KY,ULSD,2.3172,0.2483,0.22,0,0.095,0.014,2.895,3.749,2.895,0.854
17143,"LOVES #321",Corbin,KY,ULSD,2.3564,0.2483,0.22,0,0.09,0.014,2.929,3.749,2.929,0.82
26055,"LOVES #716",Elizabethtown,KY,ULSD,2.3103,0.2483,0.22,0,0.1028,0.014,2.895,3.649,2.895,0.754
17047,"LOVES #418",Grayson,KY,ULSD,2.3565,0.2483,0.22,0,0.0575,0.014,2.896,3.789,2.896,0.893
3089,"LOVES #725",Hanson,KY,ULSD,2.3172,0.2483,0.22,0,0.1125,0.014,2.912,3.689,2.912,0.777
17987,"LOVES #360","Horse Cave",KY,ULSD,2.3364,0.2483,0.22,0,0.0825,0.014,2.901,3.589,2.901,0.688
28155,"LOVES #782","Oak Grove",KY,ULSD,2.3364,0.2483,0.22,0,0.0975,0.014,2.916,3.589,2.916,0.673
17368,"LOVES #291",Richmond,KY,ULSD,2.3564,0.2483,0.22,0,0.0587,0.014,2.897,3.749,2.897,0.852
17125,"LOVES #618",Sadieville,KY,ULSD,2.3619,0.2483,0.22,0,0.0575,0.014,2.902,3.489,2.902,0.587
17007,"LOVES #238",Shepherdsville,KY,ULSD,2.3364,0.2483,0.22,0,0.0575,0.014,2.876,3.649,2.876,0.773
17373,"LOVES #383",Sparta,KY,ULSD,2.3364,0.2483,0.22,0,0.0825,0.014,2.901,3.789,2.901,0.888
17046,"LOVES #303",Waddy,KY,ULSD,2.3364,0.2483,0.22,0,0.0725,0.014,2.891,3.689,2.891,0.798
44381,"LOVES #720",Boyce,LA,ULSD,2.3055,0.2483,0.2,0,0.1255,0.00125,2.881,3.549,2.881,0.668
18037,"LOVES #523",Duson,LA,ULSD,2.2958,0.2483,0.2,0,0.0784,0.00125,2.824,3.489,2.824,0.665
18204,"LOVES #209",Greenwood,LA,ULSD,2.3821,0.2483,0.2,0,0.058,0.00125,2.89,3.589,2.89,0.699
18153,"LOVES #243","Lake Charles",LA,ULSD,2.3085,0.2483,0.2,0,0.1025,0.00125,2.861,3.649,2.861,0.788
42420,"LOVES #858",Mansfield,LA,ULSD,2.3821,0.2483,0.2,0,0.0975,0.00125,2.929,3.589,2.929,0.66
18759,"LOVES #289","Minden ",LA,ULSD,2.3821,0.2483,0.2,0,0.0792,0.00125,2.911,3.549,2.911,0.638
17241,"LOVES #806",Monroe,LA,ULSD,2.405,0.2483,0.2,0,0.1005,0.00125,2.955,3.549,2.955,0.594
6428,"LOVES #897","NEW IBERIA",LA,ULSD,2.2958,0.2483,0.2,0,0.0934,0.00125,2.839,3.189,2.839,0.35
4360,"LOVES #875",Opelousas,LA,ULSD,2.3055,0.2483,0.2,0,0.1255,0.00125,2.881,3.549,2.881,0.668
18219,"LOVES #240","Port Allen",LA,ULSD,2.2958,0.2483,0.2,0,0.1097,0.00125,2.855,3.489,2.855,0.634
52004,"LOVES #663","Port Barre",LA,ULSD,2.3055,0.2483,0.2,0,0.1185,0.00125,2.874,3.359,2.874,0.485
27303,"LOVES #854",Shreveport,LA,ULSD,2.3821,0.2483,0.2,0,0.058,0.00125,2.89,3.349,2.89,0.459
18040,"LOVES #237",Tallulah,LA,ULSD,2.405,0.2483,0.2,0,0.0843,0.00125,2.939,3.349,2.939,0.41
18774,"LOVES #362",Vinton,LA,ULSD,2.3085,0.2483,0.2,0,0.1025,0.00125,2.861,3.489,2.861,0.628
20093,"LOVES #537",Cumberland,MD,ULSD,2.6872,0.2483,0.4675,0,0.0974,0.00214,3.503,4.189,3.503,0.686
47011,"LOVES #682",Hagerstown,MD,ULSD,2.4116,0.2483,0.4675,0,0.1125,0.00214,3.242,4.149,3.242,0.907
11281,"LOVES #878",Alamo,MI,ULSD,2.2445,0.2483,0.524,0,0.0668,0.01,3.094,3.789,3.094,0.695
44581,"LOVES #743",Bridgeport,MI,ULSD,2.2109,0.2483,0.524,0,0.0825,0.01,3.076,3.849,3.076,0.773
21062,"LOVES #701",Capac,MI,ULSD,2.2212,0.2483,0.524,0,0.08,0.01,3.084,3.889,3.084,0.805
20102,"LOVES #645",Frenchtown,MI,ULSD,2.2095,0.2483,0.524,0,0.0625,0.01,3.054,3.749,3.054,0.695
3162,"LOVES #785","Grand Ledge",MI,ULSD,2.217,0.2483,0.524,0,0.0687,0.01,3.068,3.949,3.068,0.881
27129,"LOVES #742",Holland,MI,ULSD,2.217,0.2483,0.524,0,0.0675,0.01,3.067,3.889,3.067,0.822
22931,"LOVES #336","Marshall ",MI,ULSD,2.217,0.2483,0.524,0,0.0575,0.01,3.057,3.789,3.057,0.732
21100,"LOVES #757",Milan,MI,ULSD,2.2095,0.2483,0.524,0,0.0858,0.01,3.078,3.749,3.078,0.671
2064,"LOVES #745","St. Clair",MI,ULSD,2.2212,0.2483,0.524,0,0.08,0.01,3.084,3.889,3.084,0.805
23757,"LOVES #337","Albert Lea",MN,ULSD,2.2673,0.2483,0.326,0,0.085,0.001,2.928,3.849,2.928,0.921
45260,"LOVES #832","Columbus ",MN,ULSD,2.2673,0.2483,0.326,0,0.06,0.001,2.903,3.749,2.903,0.846
18378,"LOVES #842",Rockville,MN,ULSD,2.2092,0.2483,0.326,0,0.07,0.001,2.855,3.749,2.855,0.894
8088,"LOVES #844","St. Charles",MN,ULSD,2.2067,0.2483,0.326,0,0.1019,0.001,2.884,3.849,2.884,0.965
52136,"LOVES #809","Bates City",MO,ULSD,2.2636,0.2483,0.295,0,0.0578,0.0149,2.88,3.689,2.88,0.809
25074,"LOVES #621",Bevier,MO,ULSD,2.2801,0.2483,0.295,0,0.0904,0.0049,2.919,3.649,2.919,0.73
25014,"LOVES #488",Bloomsdale,MO,ULSD,2.1966,0.2483,0.295,0,0.0819,0.0049,2.827,3.649,2.827,0.822
25336,"LOVES #347",Boonville,MO,ULSD,2.2801,0.2483,0.295,0,0.095,0.0049,2.923,3.589,2.923,0.666
14029,"LOVES #612",Bridgeton,MO,ULSD,2.1966,0.2483,0.295,0,0.09,0.0049,2.835,3.549,2.835,0.714
19290,"LOVES #981",CHARLESTON,MO,ULSD,2.3172,0.2483,0.295,0,0.12,0.0249,3.005,3.589,3.005,0.584
8202,"LOVES #837",Cameron,MO,ULSD,2.2636,0.2483,0.295,0,0.065,0.0049,2.877,3.589,2.877,0.712
25013,"LOVES #500",Eagleville,MO,ULSD,2.2676,0.2483,0.295,0,0.1048,0.0049,2.921,3.689,2.921,0.768
28356,"LOVES #968",FREDERICKTOWN,MO,ULSD,2.1966,0.2483,0.295,0,0.0957,0.0049,2.841,3.289,2.841,0.448
36007,"LOVES #616",Harrisonville,MO,ULSD,2.2636,0.2483,0.295,0,0.1125,0.0049,2.924,3.549,2.924,0.625
19236,"LOVES #887",Herculaneum,MO,ULSD,2.1966,0.2483,0.295,0,0.0819,0.0049,2.827,3.359,2.827,0.532
9316,"LOVES #966",Jasper,MO,ULSD,2.2593,0.2483,0.295,0,0.0925,0.0049,2.9,3.549,2.9,0.649
25223,"LOVES #282",Joplin,MO,ULSD,2.2593,0.2483,0.295,0,0.065,0.0049,2.873,3.449,2.873,0.576
24180,"LOVES #786","Kansas City",MO,ULSD,2.2636,0.2483,0.295,0,0.0675,0.0049,2.879,3.549,2.879,0.67
25334,"LOVES #313","Matthews   ",MO,ULSD,2.418,0.2483,0.295,0,0.0825,0.0149,3.059,3.489,3.059,0.43
25068,"LOVES #585",Neosho,MO,ULSD,2.2593,0.2483,0.295,0,0.0925,0.0049,2.9,3.449,2.9,0.549
4167,"LOVES #788","New Florence",MO,ULSD,2.1966,0.2483,0.295,0,0.09,0.0049,2.835,3.549,2.835,0.714
8016,"LOVES #669","New London",MO,ULSD,2.286,0.2483,0.295,0,0.1275,0.0049,2.962,3.489,2.962,0.527
25919,"LOVES #341","Rolla ",MO,ULSD,2.1966,0.2483,0.295,0,0.09,0.0049,2.835,3.549,2.835,0.714
25237,"LOVES #235","Saint Joseph",MO,ULSD,2.2636,0.2483,0.295,0,0.065,0.0049,2.877,3.549,2.877,0.672
25018,"LOVES #461","Saint Louis",MO,ULSD,2.1966,0.2483,0.295,0,0.1045,0.0049,2.849,3.549,2.849,0.7
25392,"LOVES #886",Sarcoxie,MO,ULSD,2.2593,0.2483,0.295,0,0.065,0.0049,2.873,3.449,2.873,0.576
25147,"LOVES #643",Sikeston,MO,ULSD,2.3172,0.2483,0.295,0,0.14,0.0049,3.005,3.589,3.005,0.584
25178,"LOVES #458",Strafford,MO,ULSD,2.333,0.2483,0.295,0,0.0575,0.0049,2.939,3.449,2.939,0.51
12106,"LOVES #783","Willow Springs",MO,ULSD,2.258,0.2483,0.295,0,0.0975,0.0049,2.904,3.449,2.904,0.545
24055,"LOVES #388",Batesville,MS,ULSD,2.4198,0.2483,0.21,0,0.1345,0.004,3.017,3.649,3.017,0.632
24061,"LOVES #402",Biloxi,MS,ULSD,2.3914,0.2483,0.21,0,0.0775,0.004,2.931,3.649,2.931,0.718
24167,"LOVES #208",Canton,MS,ULSD,2.4198,0.2483,0.21,0,0.1345,0.004,3.017,3.649,3.017,0.632
24054,"LOVES #564",Columbus,MS,ULSD,2.3102,0.2483,0.21,0,0.0978,0.004,2.87,3.449,2.87,0.579
24066,"LOVES #420",Flowood,MS,ULSD,2.3077,0.2483,0.21,0,0.1062,0.004,2.876,3.589,2.876,0.713
22030,"LOVES #595",Gulfport,MS,ULSD,2.2982,0.2483,0.21,0,0.0725,0.004,2.833,3.649,2.833,0.816
23391,"LOVES #565",Hattiesburg,MS,ULSD,2.2934,0.2483,0.21,0,0.1279,0.004,2.884,3.549,2.884,0.665
14341,"LOVES #889","Holly Springs",MS,ULSD,2.3412,0.2483,0.21,0,0.0825,0.004,2.886,3.649,2.886,0.763
24047,"LOVES #559",Indianola,MS,ULSD,2.4198,0.2483,0.21,0,0.1345,0.004,3.017,3.459,3.017,0.442
41030,"LOVES #639",Lake,MS,ULSD,2.3109,0.2483,0.21,0,0.0825,0.004,2.856,3.589,2.856,0.733
21231,"LOVES #864",Lucedale,MS,ULSD,2.3914,0.2483,0.21,0,0.0903,0.004,2.944,3.649,2.944,0.705
44174,"LOVES #699",Magee,MS,ULSD,2.3077,0.2483,0.21,0,0.0496,0.004,2.82,3.989,2.82,1.169
24414,"LOVES #393",McComb,MS,ULSD,2.3077,0.2483,0.21,0,0.0785,0.004,2.849,3.489,2.849,0.64
19243,"LOVES #860",Picayune,MS,ULSD,2.2934,0.2483,0.21,0,0.1096,0.004,2.865,3.549,2.865,0.684
24076,"LOVES #619",Poplarville,MS,ULSD,2.2934,0.2483,0.21,0,0.1428,0.004,2.899,3.549,2.899,0.65
20181,"LOVES #848",Sandersville,MS,ULSD,2.3109,0.2483,0.21,0,0.0699,0.004,2.843,3.589,2.843,0.746
24723,"LOVES #343",Toomsuba,MS,ULSD,2.3109,0.2483,0.21,0,0.0825,0.004,2.856,3.589,2.856,0.733
24038,"LOVES #398",Tupelo,MS,ULSD,2.3412,0.2483,0.21,0,0.1025,0.004,2.906,3.749,2.906,0.843
3159,"LOVES #776",Vicksburg,MS,ULSD,2.405,0.2483,0.21,0,0.0317,0.004,2.899,3.989,2.899,1.09
50296,"LOVES #799",Walnut,MS,ULSD,2.4198,0.2483,0.21,0,0.1313,0.004,3.013,3.549,3.013,0.536
51067,"LOVES #677","West Point",MS,ULSD,2.3102,0.2483,0.21,0,0.0978,0.004,2.87,3.449,2.87,0.579
4272,"LOVES #789","Great Falls",MT,ULSD,2.3916,0.2483,0.305,0,0.0243,0,2.969,3.249,2.969,0.28
15068,"LOVES #679",Hardin,MT,ULSD,2.4124,0.2483,0.305,0,0.0897,0,3.055,3.289,3.055,0.234
38240,"LOVES #753",Missoula,MT,ULSD,2.3506,0.2483,0.305,0,0.0243,0,2.928,3.249,2.928,0.321
36070,"LOVES #714",Charlotte,NC,ULSD,2.3476,0.2483,0.41,0,0.0725,0.0025,3.081,3.789,3.081,0.708
33078,"LOVES #412",Dunn,NC,ULSD,2.3453,0.2483,0.41,0,0.052,0.0025,3.058,3.949,3.058,0.891
33174,"LOVES #308",Marion,NC,ULSD,2.3414,0.2483,0.41,0,0.085,0.0025,3.087,3.949,3.087,0.862
44172,"LOVES #667",Mebane,NC,ULSD,2.3433,0.2483,0.41,0,0.055,0.0025,3.059,3.989,3.059,0.93
30059,"LOVES #697",Newton,NC,ULSD,2.3476,0.2483,0.41,0,0.0659,0.0025,3.074,3.889,3.074,0.815
17162,"LOVES #741",Reidsville,NC,ULSD,2.3433,0.2483,0.41,0,0.0546,0.0025,3.059,3.989,3.059,0.93
8279,"LOVES #883","Rural Hall",NC,ULSD,2.3433,0.2483,0.41,0,0.0875,0.0025,3.092,3.879,3.092,0.787
33372,"LOVES #507",Salisbury,NC,ULSD,2.3476,0.2483,0.41,0,0.07,0.0025,3.078,3.789,3.078,0.711
41090,"LOVES #497",Statesville,NC,ULSD,2.3476,0.2483,0.41,0,0.0758,0.0025,3.084,3.889,3.084,0.805
2169,"LOVES #843",Drayton,ND,ULSD,2.3414,0.2483,0.23,0,0.0975,0.00025,2.917,3.749,2.917,0.832
34037,"LOVES #353",Fargo,ND,ULSD,2.3414,0.2483,0.23,0,0.09,0.00025,2.91,3.789,2.91,0.879
8373,"LOVES #224",STERLING,ND,ULSD,2.1938,0.2483,0.23,0,0.065,0.00025,2.737,3.599,2.737,0.862
52070,"LOVES #849","Valley City",ND,ULSD,2.2673,0.2483,0.23,0,0.0677,0.00025,2.814,3.789,2.814,0.975
34093,"LOVES #474",Williston,ND,ULSD,2.1938,0.2483,0.23,0,0.1828,0.00025,2.855,3.349,2.855,0.494
27112,"LOVES #309","Aurora ",NE,ULSD,2.2653,0.2483,0.318,0,0.0555,0.003,2.89,3.689,2.89,0.799
24042,"LOVES #680",Norfolk,NE,ULSD,2.3024,0.2483,0.318,0,0.051,0.003,2.923,3.689,2.923,0.766
27132,"LOVES #390","North Platte",NE,ULSD,2.3001,0.2483,0.318,0,0.075,0.003,2.944,3.789,2.944,0.845
44975,"LOVES #730",Omaha,NE,ULSD,2.3301,0.2483,0.318,0,0.065,0.003,2.964,3.789,2.964,0.825
13225,"LOVES #784",Schuyler,NE,ULSD,2.2937,0.2483,0.318,0,0.1026,0.003,2.966,3.789,2.966,0.823
27088,"LOVES #625",Sidney,NE,ULSD,2.3001,0.2483,0.318,0,0.12,0.003,2.989,3.689,2.989,0.7
30040,"LOVES #676",Syracuse,NE,ULSD,2.2796,0.2483,0.318,0,0.0518,0.003,2.901,3.749,2.901,0.848
27078,"LOVES #631",Valley,NE,ULSD,2.3136,0.2483,0.318,0,0.057,0.003,2.94,3.789,2.94,0.849
30062,"LOVES #404",Bordentown,NJ,ULSD,2.6456,0.2483,0.135,0,0.0545,0.42655,3.51,3.989,3.51,0.479
31041,"LOVES #210",Albuquerque,NM,ULSD,2.456,0.2483,0.21,0,0.055,0.01875,2.988,3.689,2.988,0.701
31426,"LOVES #614",Albuquerque,NM,ULSD,2.456,0.2483,0.21,0,0.055,0.01875,2.988,3.689,2.988,0.701
31100,"LOVES #726",Belen,NM,ULSD,2.456,0.2483,0.21,0,0.0575,0.01875,2.991,3.689,2.991,0.698
31088,"LOVES #22",Clayton,NM,ULSD,2.3157,0.2483,0.21,0,0.0975,0.01875,2.89,3.599,2.89,0.709
31009,"LOVES #329",Clovis,NM,ULSD,2.3917,0.2483,0.21,0,0.0957,0.01875,2.964,3.749,2.964,0.785
32200,"LOVES #760",Eunice,NM,ULSD,2.3917,0.2483,0.21,0,0.1275,0.01875,2.996,3.479,2.996,0.483
31046,"LOVES #215",Gallup,NM,ULSD,2.456,0.2483,0.21,0,0.1075,0.01875,3.041,3.749,3.041,0.708
31055,"LOVES #259","Las Cruces",NM,ULSD,2.4641,0.2483,0.21,0,0.07,0.01875,3.011,3.969,3.011,0.958
25111,"LOVES #733","Las Vegas",NM,ULSD,2.456,0.2483,0.21,0,0.1212,0.01875,3.054,3.749,3.054,0.695
31076,"LOVES #276",Lordsburg,NM,ULSD,2.4641,0.2483,0.21,0,0.13,0.01875,3.071,3.789,3.071,0.718
31056,"LOVES #257",Milan,NM,ULSD,2.456,0.2483,0.21,0,0.0975,0.01875,3.031,3.749,3.031,0.718
31081,"LOVES #285","Santa Rosa",NM,ULSD,2.456,0.2483,0.21,0,0.0945,0.01875,3.028,3.849,3.028,0.821
17264,"LOVES #817","Santa Teresa",NM,ULSD,2.4641,0.2483,0.21,0,0.0545,0.01875,2.996,3.749,2.996,0.753
31061,"LOVES #262",Tucumcari,NM,ULSD,2.3157,0.2483,0.21,0,0.12,0.01875,2.913,3.849,2.913,0.936
13584,"LOVES #978",CARLIN,NV,ULSD,2.4897,0.2483,0.27,0,0.1878,0.0575,3.253,3.489,3.253,0.236
24052,"LOVES #691",Ely,NV,ULSD,2.4593,0.2483,0.27,0,0.2222,0.0575,3.257,3.949,3.257,0.692
28246,"LOVES #246",Fernley,NV,ULSD,2.4897,0.2483,0.27,0,0.065,0.0575,3.131,3.989,3.131,0.858
49247,"LOVES #891",Jackpot,NV,ULSD,2.4243,0.2483,0.27,0,0.2222,0.0575,3.222,3.389,3.222,0.167
28033,"LOVES #340","Las Vegas",NV,ULSD,2.4593,0.2483,0.27,0,0.052,0.26788,3.297,4.049,3.297,0.752
6345,"LOVES #857",Tonopah,NV,ULSD,2.4593,0.2483,0.27,0,0.1996,0.0575,3.235,3.989,3.235,0.754
28084,"LOVES #365","Wells ",NV,ULSD,2.4243,0.2483,0.27,0,0.14,0.0575,3.14,3.789,3.14,0.649
11266,"LOVES #797",Winnemucca,NV,ULSD,2.4897,0.2483,0.27,0,0.13,0.0575,3.196,3.849,3.196,0.653
16175,"LOVES #772",Bath,NY,ULSD,2.7419,0.2483,0.08,0.13234,0.0746,0.22377,3.501,4.149,3.501,0.648
32075,"LOVES #403",Binghamton,NY,ULSD,2.7701,0.2483,0.08,0.13316,0.0667,0.22377,3.522,4.149,3.522,0.627
32176,"LOVES #611",Canaan,NY,ULSD,2.7092,0.2483,0.08,0.13115,0.0775,0.22377,3.47,4.189,3.47,0.719
21186,"LOVES #833",Ripley,NY,ULSD,2.8124,0.2483,0.08,0.13548,0.0825,0.22377,3.582,4.089,3.582,0.507
12198,"LOVES #820",Waterloo,NY,ULSD,2.7419,0.2483,0.08,0,0.0892,0.30377,3.463,4.149,3.463,0.686
18438,"LOVES #870",Watertown,NY,ULSD,2.753,0.2483,0.08,0.1323,0.0625,0.22377,3.5,4.149,3.5,0.649
2338,"LOVES #563",BELMONT,OH,ULSD,2.5724,0.2483,0.47,0,0.0975,0.01451,3.403,3.689,3.403,0.286
38440,"LOVES #810",Bellefontaine,OH,ULSD,2.1946,0.2483,0.47,0,0.05,0.01451,2.977,3.689,2.977,0.712
35135,"LOVES #711",Bellville,OH,ULSD,2.2635,0.2483,0.47,0,0.07,0.01451,3.066,3.749,3.066,0.683
35205,"LOVES #594",Bidwell,OH,ULSD,2.2635,0.2483,0.47,0,0.075,0.01451,3.071,3.849,3.071,0.778
35952,"LOVES #332",Burbank,OH,ULSD,2.3248,0.2483,0.47,0,0.0675,0.01451,3.125,3.749,3.125,0.624
8020,"LOVES #690",Circleville,OH,ULSD,2.2635,0.2483,0.47,0,0.0725,0.01451,3.069,3.789,3.069,0.72
35147,"LOVES #389",Conneaut,OH,ULSD,2.3248,0.2483,0.47,0,0.0938,0.01451,3.151,3.949,3.151,0.798
35125,"LOVES #427",Dayton,OH,ULSD,2.2766,0.2483,0.47,0,0.052,0.01451,3.061,3.689,3.061,0.628
23374,"LOVES #555",Delphos,OH,ULSD,2.1946,0.2483,0.47,0,0.0675,0.01451,2.995,3.689,2.995,0.694
33180,"LOVES #881",Diamond,OH,ULSD,2.2763,0.2483,0.47,0,0.065,0.01451,3.074,3.749,3.074,0.675
29084,"LOVES #748",Edon,OH,ULSD,2.1604,0.2483,0.47,0,0.09,0.01451,2.983,3.949,2.983,0.966
6193,"LOVES #892",Etna,OH,ULSD,2.2635,0.2483,0.47,0,0.067,0.01451,3.063,3.689,3.063,0.626
35355,"LOVES #370",Hubbard,OH,ULSD,2.2763,0.2483,0.47,0,0.06,0.01451,3.069,3.749,3.069,0.68
35949,"LOVES #352","Jeffersonville ",OH,ULSD,2.2635,0.2483,0.47,0,0.07,0.01451,3.066,3.689,3.066,0.623
17283,"LOVES #872",Lancaster,OH,ULSD,2.2635,0.2483,0.47,0,0.08,0.01451,3.076,3.489,3.076,0.413
2389,"LOVES #980",MILAN,OH,ULSD,2.3248,0.2483,0.47,0,0.0745,0.01451,3.132,3.949,3.132,0.817
32330,"LOVES #863",Madison,OH,ULSD,2.3248,0.2483,0.47,0,0.0895,0.01451,3.147,3.949,3.147,0.802
17225,"LOVES #841",Napoleon,OH,ULSD,2.1604,0.2483,0.47,0,0.0625,0.01451,2.956,3.679,2.956,0.723
35953,"LOVES #356","North Baltimore",OH,ULSD,2.1604,0.2483,0.47,0,0.055,0.01451,2.948,3.689,2.948,0.741
13440,"LOVES #813","North Canton",OH,ULSD,2.2326,0.2483,0.47,0,0.055,0.01451,3.02,3.749,3.02,0.729
34262,"LOVES #504","North Lima",OH,ULSD,2.2763,0.2483,0.47,0,0.055,0.01451,3.064,3.849,3.064,0.785
38260,"LOVES #744",Obetz,OH,ULSD,2.2635,0.2483,0.47,0,0.0645,0.01451,3.061,3.689,3.061,0.628
35193,"LOVES #456",Perrysburg,OH,ULSD,2.1604,0.2483,0.47,0,0.0545,0.01451,2.948,3.749,2.948,0.801
20116,"LOVES #747",Sidney,OH,ULSD,2.1946,0.2483,0.47,0,0.0675,0.01451,2.995,3.749,2.995,0.754
4049,"LOVES #605",Springfield,OH,ULSD,2.2635,0.2483,0.47,0,0.0575,0.01451,3.054,3.689,3.054,0.635
16062,"LOVES #693","Upper Sandusky",OH,ULSD,2.1946,0.2483,0.47,0,0.08,0.01451,3.007,3.889,3.007,0.882
22435,"LOVES #969","WEST JEFFERSON",OH,ULSD,2.2635,0.2483,0.47,0,0.0575,0.01451,3.054,3.489,3.054,0.435
35023,"LOVES #221",Zanesville,OH,ULSD,2.2635,0.2483,0.47,0,0.0925,0.01451,3.089,3.689,3.089,0.6
36129,"LOVES #266",Ardmore,OK,ULSD,2.2625,0.2483,0.19,0,0.0775,0.01,2.788,3.549,2.788,0.761
36141,"LOVES #268",Atoka,OK,ULSD,2.2625,0.2483,0.19,0,0.0975,0.01,2.808,3.489,2.808,0.681
44636,"LOVES #727","Big Cabin",OK,ULSD,2.2137,0.2483,0.19,0,0.08,0.01,2.742,3.449,2.742,0.707
36046,"LOVES #302","Boise City",OK,ULSD,2.3157,0.2483,0.19,0,0.0996,0.01,2.864,3.649,2.864,0.785
36311,"LOVES #486",Choctaw,OK,ULSD,2.2217,0.2483,0.19,0,0.06,0.01,2.73,3.639,2.73,0.909
36213,"LOVES #295",Chouteau,OK,ULSD,2.2137,0.2483,0.19,0,0.0775,0.01,2.74,3.449,2.74,0.709
36090,"LOVES #248",Clinton,OK,ULSD,2.2217,0.2483,0.19,0,0.125,0.01,2.795,3.389,2.795,0.594
36327,"LOVES #373","Colbert ",OK,ULSD,2.2625,0.2483,0.19,0,0.065,0.01,2.776,3.449,2.776,0.673
46135,"LOVES #821",Durant,OK,ULSD,2.2625,0.2483,0.19,0,0.065,0.01,2.776,3.489,2.776,0.713
30129,"LOVES #737","El Reno",OK,ULSD,2.2217,0.2483,0.19,0,0.06,0.01,2.73,3.589,2.73,0.859
36057,"LOVES #201","Elk City",OK,ULSD,2.2217,0.2483,0.19,0,0.125,0.01,2.795,3.389,2.795,0.594
36375,"LOVES #630",Enid,OK,ULSD,2.2229,0.2483,0.19,0,0.0551,0.01,2.726,3.789,2.726,1.063
36093,"LOVES #253",Erick,OK,ULSD,2.2217,0.2483,0.19,0,0.125,0.01,2.795,3.389,2.795,0.594
36184,"LOVES #204",Eufaula,OK,ULSD,2.2137,0.2483,0.19,0,0.0825,0.01,2.745,3.589,2.745,0.844
36363,"LOVES #604",Guthrie,OK,ULSD,2.2217,0.2483,0.19,0,0.0575,0.01,2.728,3.849,2.728,1.121
36275,"LOVES #385","Hinton ",OK,ULSD,2.2217,0.2483,0.19,0,0.06,0.01,2.73,3.629,2.73,0.899
36066,"LOVES #46",Hooker,OK,ULSD,2.3157,0.2483,0.19,0,0.1091,0.01,2.873,3.949,2.873,1.076
36103,"LOVES #263",Lawton,OK,ULSD,2.2438,0.2483,0.19,0,0.0919,0.01,2.784,3.549,2.784,0.765
46035,"LOVES #712",Newcastle,OK,ULSD,2.2217,0.2483,0.19,0,0.0524,0.01,2.722,3.849,2.722,1.127
36097,"LOVES #260",Norman,OK,ULSD,2.2217,0.2483,0.19,0,0.0575,0.01,2.728,3.649,2.728,0.921
36371,"LOVES #636",Nowata,OK,ULSD,2.3041,0.2483,0.19,0,0.0781,0.01,2.831,3.449,2.831,0.618
36151,"LOVES #274",Okemah,OK,ULSD,2.2137,0.2483,0.19,0,0.067,0.01,2.729,3.639,2.729,0.91
36045,"LOVES #203","Oklahoma City",OK,ULSD,2.2217,0.2483,0.19,0,0.06,0.01,2.73,3.589,2.73,0.859
36061,"LOVES #205","Oklahoma City",OK,ULSD,2.2217,0.2483,0.19,0,0.0575,0.01,2.728,3.649,2.728,0.921
36067,"LOVES #211","Oklahoma City",OK,ULSD,2.2217,0.2483,0.19,0,0.0575,0.01,2.728,3.649,2.728,0.921
22012,"LOVES #675",Okmulgee,OK,ULSD,2.2137,0.2483,0.19,0,0.064,0.01,2.726,3.349,2.726,0.623
36215,"LOVES #452","Pauls Valley",OK,ULSD,2.2625,0.2483,0.19,0,0.0775,0.01,2.788,3.549,2.788,0.761
36300,"LOVES #865",Perry,OK,ULSD,2.2217,0.2483,0.19,0,0.0778,0.01,2.748,3.889,2.748,1.141
44379,"LOVES #734",Randlett,OK,ULSD,2.4189,0.2483,0.19,0,0.0975,0.01,2.965,3.449,2.965,0.484
36089,"LOVES #219",Seminole,OK,ULSD,2.2137,0.2483,0.19,0,0.067,0.01,2.729,3.639,2.729,0.91
36365,"LOVES #638",Texhoma,OK,ULSD,2.3157,0.2483,0.19,0,0.1091,0.01,2.873,3.889,2.873,1.016
36063,"LOVES #213",Tonkawa,OK,ULSD,2.3041,0.2483,0.19,0,0.07,0.01,2.822,3.589,2.822,0.767
36364,"LOVES #654","Union City",OK,ULSD,2.2217,0.2483,0.19,0,0.0538,0.01,2.724,3.629,2.724,0.905
36362,"LOVES #648",Valliant,OK,ULSD,2.2625,0.2483,0.19,0,0.0969,0.01,2.808,3.449,2.808,0.641
44724,"LOVES #794",Watonga,OK,ULSD,2.2217,0.2483,0.19,0,0.0887,0.01,2.759,3.629,2.759,0.87
45021,"LOVES #658",Watts,OK,ULSD,2.333,0.2483,0.19,0,0.1717,0.01,2.953,3.589,2.953,0.636
36095,"LOVES #255","Webbers Falls",OK,ULSD,2.2498,0.2483,0.19,0,0.075,0.01,2.773,3.389,2.773,0.616
33071,"LOVES #728",Albany,OR,ULSD,3.1034,0.0654,0,0,0.2502,0,3.419,4.089,3.419,0.67
7285,"LOVES #569","Baker City",OR,ULSD,2.6976,0.1312,0,0,0.2502,0,3.079,3.749,3.079,0.67
11003,"LOVES #650",Boardman,OR,ULSD,2.9391,0.0897,0,0,0.2502,0,3.279,3.949,3.279,0.67
16249,"LOVES #823","Klamath Falls",OR,ULSD,3.1166,0.1522,0,0,0.2502,0,3.519,4.189,3.519,0.67
44918,"LOVES #795",Madras,OR,ULSD,2.8691,0.0997,0,0,0.2502,0,3.219,3.889,3.219,0.67
37213,"LOVES #372",Ontario,OR,ULSD,2.7166,0.1022,0,0,0.2502,0,3.069,3.739,3.069,0.67
37201,"LOVES #312",Roseburg,OR,ULSD,3.0866,0.0822,0,0,0.2502,0,3.419,4.089,3.419,0.67
37382,"LOVES #449",Troutdale,OR,ULSD,2.9842,0.0546,0,0,0.2502,0.03,3.319,3.989,3.319,0.67
50479,"LOVES #829",Brookville,PA,ULSD,2.6926,0.2483,0.741,0,0.092,0,3.774,4.289,3.774,0.515
38377,"LOVES #407",Carlisle,PA,ULSD,2.7164,0.2483,0.741,0,0.055,0,3.761,4.389,3.761,0.628
38293,"LOVES #358",Hamburg,PA,ULSD,2.6863,0.2483,0.741,0,0.0775,0,3.753,4.349,3.753,0.596
38355,"LOVES #366","Jonestown ",PA,ULSD,2.7164,0.2483,0.741,0,0.055,0,3.761,4.349,3.761,0.588
38275,"LOVES #535",Londonderry,PA,ULSD,2.7164,0.2483,0.741,0,0.0535,0,3.759,4.289,3.759,0.53
38702,"LOVES #324","Mifflinville ",PA,ULSD,2.7081,0.2483,0.741,0,0.0572,0,3.755,4.289,3.755,0.534
36085,"LOVES #731","Slippery Rock",PA,ULSD,2.5727,0.2483,0.741,0,0.0775,0,3.64,4.289,3.64,0.649
40254,"LOVES #397",Blacksburg,SC,ULSD,2.3414,0.2483,0.28,0,0.047,0.0075,2.924,3.749,2.924,0.825
38045,"LOVES #657",Cayce,SC,ULSD,2.3275,0.2483,0.28,0,0.105,0.0075,2.968,3.689,2.968,0.721
40037,"LOVES #371",Dillon,SC,ULSD,2.3476,0.2483,0.28,0,0.125,0.0075,3.008,3.749,3.008,0.741
44689,"LOVES #751",Elgin,SC,ULSD,2.3275,0.2483,0.28,0,0.115,0.0075,2.978,3.789,2.978,0.811
40084,"LOVES #387","Fair Play",SC,ULSD,2.3448,0.2483,0.28,0,0.0954,0.0075,2.976,3.649,2.976,0.673
40623,"LOVES #333","Fort Mill",SC,ULSD,2.3476,0.2483,0.28,0,0.07,0.0075,2.953,3.689,2.953,0.736
40144,"LOVES #424",Lexington,SC,ULSD,2.3275,0.2483,0.28,0,0.0575,0.0075,2.921,3.749,2.921,0.828
40051,"LOVES #396",Newberry,SC,ULSD,2.3306,0.2483,0.28,0,0.0875,0.0075,2.954,3.789,2.954,0.835
40198,"LOVES #326","Orangeburg ",SC,ULSD,2.5124,0.2483,0.28,0,0.0825,0.0075,3.131,3.689,3.131,0.558
18376,"LOVES #847",Pageland,SC,ULSD,2.3476,0.2483,0.28,0,0.08,0.0075,2.963,3.749,2.963,0.786
26266,"LOVES #871",Piedmont,SC,ULSD,2.3306,0.2483,0.28,0,0.06,0.0075,2.926,3.649,2.926,0.723
3165,"LOVES #790",Summerton,SC,ULSD,2.3275,0.2483,0.28,0,0.1344,0.0075,2.998,3.749,2.998,0.751
29065,"LOVES #740",Yemassee,SC,ULSD,2.4919,0.2483,0.28,0,0.0875,0.0075,3.115,3.749,3.115,0.634
41045,"LOVES #602","Box Elder",SD,ULSD,2.3747,0.2483,0.28,0,0.0587,0.02,2.982,3.989,2.982,1.007
36253,"LOVES #816",Kimball,SD,ULSD,2.3747,0.2483,0.28,0,0.1307,0.02,3.054,3.589,3.054,0.535
41022,"LOVES #445","Sioux Falls",SD,ULSD,2.2824,0.2483,0.28,0,0.06,0.02,2.891,3.989,2.891,1.098
42525,"LOVES #330","Baxter ",TN,ULSD,2.3103,0.2483,0.27,0,0.0925,0.014,2.935,3.689,2.935,0.754
42334,"LOVES #364",Charleston,TN,ULSD,2.3155,0.2483,0.27,0,0.065,0.014,2.913,3.649,2.913,0.736
42081,"LOVES #314",Christiana,TN,ULSD,2.3103,0.2483,0.27,0,0.0787,0.014,2.921,3.789,2.921,0.868
42541,"LOVES #346",Columbia,TN,ULSD,2.3103,0.2483,0.27,0,0.0575,0.014,2.9,3.789,2.9,0.889
42284,"LOVES #306",Dandridge,TN,ULSD,2.3105,0.2483,0.27,0,0.06,0.014,2.903,3.789,2.903,0.886
42127,"LOVES #369",Dickson,TN,ULSD,2.3103,0.2483,0.27,0,0.075,0.014,2.918,3.689,2.918,0.771
23006,"LOVES #641",Dyersburg,TN,ULSD,2.418,0.2483,0.27,0,0.1025,0.014,3.053,3.739,3.053,0.686
41131,"LOVES #791",Holladay,TN,ULSD,2.3103,0.2483,0.27,0,0.085,0.014,2.928,3.489,2.928,0.561
42320,"LOVES #244",Jackson,TN,ULSD,2.3412,0.2483,0.27,0,0.0975,0.014,2.971,3.789,2.971,0.818
42122,"LOVES #490",Jasper,TN,ULSD,2.3155,0.2483,0.27,0,0.0775,0.014,2.925,3.789,2.925,0.864
42032,"LOVES #480","Lenoir City",TN,ULSD,2.3105,0.2483,0.27,0,0.06,0.014,2.903,3.749,2.903,0.846
17282,"LOVES #861",Loudon,TN,ULSD,2.3155,0.2483,0.27,0,0.07,0.014,2.918,3.649,2.918,0.731
47271,"LOVES #764",MANCHESTER,TN,ULSD,2.3155,0.2483,0.27,0,0.0775,0.014,2.925,3.849,2.925,0.924
42544,"LOVES #344",Memphis,TN,ULSD,2.3412,0.2483,0.27,0,0.0482,0.014,2.922,3.649,2.922,0.727
42351,"LOVES #787",Mosheim,TN,ULSD,2.3105,0.2483,0.27,0,0.09,0.014,2.933,3.719,2.933,0.786
30229,"LOVES #793","Mt Juliet",TN,ULSD,2.3103,0.2483,0.27,0,0.0925,0.014,2.935,3.689,2.935,0.754
42143,"LOVES #429",Nashville,TN,ULSD,2.3103,0.2483,0.27,0,0.085,0.014,2.928,3.789,2.928,0.861
45245,"LOVES #796",Newport,TN,ULSD,2.3105,0.2483,0.27,0,0.056,0.014,2.899,3.789,2.899,0.89
9028,"LOVES #694",Ramer,TN,ULSD,2.3412,0.2483,0.27,0,0.1119,0.014,2.985,3.749,2.985,0.764
32069,"LOVES #629","White House",TN,ULSD,2.3103,0.2483,0.27,0,0.085,0.014,2.928,3.589,2.928,0.661
25102,"LOVES #721",Alma,TX,ULSD,2.3625,0.2483,0.2,0,0.08,0.0009,2.892,3.489,2.892,0.597
43142,"LOVES #200",Amarillo,TX,ULSD,2.3157,0.2483,0.2,0,0.0625,0.0009,2.827,3.489,2.827,0.662
43282,"LOVES #250",Amarillo,TX,ULSD,2.3157,0.2483,0.2,0,0.065,0.0009,2.83,3.499,2.83,0.669
43300,"LOVES #261",Amarillo,TX,ULSD,2.3157,0.2483,0.2,0,0.057,0.0009,2.822,3.299,2.822,0.477
43502,"LOVES #539",Andrews,TX,ULSD,2.4364,0.2483,0.2,0,0.0825,0.0009,2.968,3.589,2.968,0.621
38049,"LOVES #665",Angleton,TX,ULSD,2.3317,0.2483,0.2,0,0.0795,0.0009,2.86,3.349,2.86,0.489
43026,"LOVES #299",Anna,TX,ULSD,2.3625,0.2483,0.2,0,0.0675,0.0009,2.879,3.449,2.879,0.57
43667,"LOVES #447",Anthony,TX,ULSD,2.4641,0.2483,0.2,0,0.0575,0.0009,2.971,3.689,2.971,0.718
22452,"LOVES #976","BIG SPRING",TX,ULSD,2.426,0.2483,0.2,0,0.0625,0.0009,2.938,3.589,2.938,0.651
43068,"LOVES #610",Baird,TX,ULSD,2.4377,0.2483,0.2,0,0.1058,0.0009,2.993,3.589,2.993,0.596
43384,"LOVES #401",Baytown,TX,ULSD,2.3317,0.2483,0.2,0,0.055,0.0009,2.836,3.449,2.836,0.613
21046,"LOVES #696",Beaumont,TX,ULSD,2.3268,0.2483,0.2,0,0.0595,0.0009,2.836,3.489,2.836,0.653
18150,"LOVES #713",Bridgeport,TX,ULSD,2.3827,0.2483,0.2,0,0.0729,0.0009,2.905,3.489,2.905,0.584
4130,"LOVES #767",Brownsville,TX,ULSD,2.311,0.2483,0.2,0,0.1168,0.0009,2.877,3.449,2.877,0.572
7237,"LOVES #615",Carthage,TX,ULSD,2.3202,0.2483,0.2,0,0.065,0.0009,2.834,3.489,2.834,0.655
43280,"LOVES #229",Claude,TX,ULSD,2.3157,0.2483,0.2,0,0.0575,0.0009,2.822,3.499,2.822,0.677
43128,"LOVES #293",Cleveland,TX,ULSD,2.3317,0.2483,0.2,0,0.075,0.0009,2.856,3.389,2.856,0.533
43391,"LOVES #464",Comfort,TX,ULSD,2.3183,0.2483,0.2,0,0.14,0.0009,2.908,3.489,2.908,0.581
39195,"LOVES #862",Cotulla,TX,ULSD,2.5631,0.2483,0.2,0,0.09,0.0009,3.102,3.689,3.102,0.587
42374,"LOVES #836",Dalhart,TX,ULSD,2.3157,0.2483,0.2,0,0.079,0.0009,2.844,3.689,2.844,0.845
43673,"LOVES #294",Dallas,TX,ULSD,2.3232,0.2483,0.2,0,0.0438,0.0009,2.816,3.489,2.816,0.673
43458,"LOVES #481","Deer Park",TX,ULSD,2.3317,0.2483,0.2,0,0.0575,0.0009,2.838,3.549,2.838,0.711
7062,"LOVES #609",Denton,TX,ULSD,2.3625,0.2483,0.2,0,0.0688,0.0009,2.881,3.539,2.881,0.658
51054,"LOVES #673",Domino,TX,ULSD,2.5035,0.2483,0.2,0,0.0875,0.0009,3.04,3.489,3.04,0.449
15143,"LOVES #739",Donna,TX,ULSD,2.4214,0.2483,0.2,0,0.1056,0.0009,2.976,3.649,2.976,0.673
51001,"LOVES #626",Dumas,TX,ULSD,2.3157,0.2483,0.2,0,0.095,0.0009,2.86,3.649,2.86,0.789
43573,"LOVES #284",Edinburg,TX,ULSD,2.3932,0.2483,0.2,0,0.0963,0.0009,2.939,3.449,2.939,0.51
43849,"LOVES #297",Edna,TX,ULSD,2.4317,0.2483,0.2,0,0.092,0.0009,2.973,3.479,2.973,0.506
43010,"LOVES #214","El Paso",TX,ULSD,2.4641,0.2483,0.2,0,0.055,0.0009,2.968,3.649,2.968,0.681
43045,"LOVES #298",Encinal,TX,ULSD,2.5631,0.2483,0.2,0,0.075,0.0009,3.087,3.689,3.087,0.602
43657,"LOVES #288",Fairfield,TX,ULSD,2.3951,0.2483,0.2,0,0.072,0.0009,2.916,3.449,2.916,0.533
43129,"LOVES #542","Fort Stockton",TX,ULSD,2.4364,0.2483,0.2,0,0.1475,0.0009,3.033,3.789,3.033,0.756
43456,"LOVES #281","Fort Worth",TX,ULSD,2.3625,0.2483,0.2,0,0.0825,0.0009,2.894,3.489,2.894,0.595
9228,"LOVES #885",Harlingen,TX,ULSD,2.4214,0.2483,0.2,0,0.1,0.0009,2.971,3.649,2.971,0.678
43185,"LOVES #375",Hearne,TX,ULSD,2.3862,0.2483,0.2,0,0.0575,0.0009,2.893,3.589,2.893,0.696
34040,"LOVES #642",Hereford,TX,ULSD,2.3157,0.2483,0.2,0,0.0609,0.0009,2.826,3.649,2.826,0.823
43218,"LOVES #231",Hillsboro,TX,ULSD,2.3232,0.2483,0.2,0,0.0938,0.0009,2.866,3.489,2.866,0.623
43904,"LOVES #315",Houston,TX,ULSD,2.3317,0.2483,0.2,0,0.0475,0.0009,2.828,3.389,2.828,0.561
43393,"LOVES #419",Houston,TX,ULSD,2.3317,0.2483,0.2,0,0.0625,0.0009,2.843,3.389,2.843,0.546
43130,"LOVES #617",Hungerford,TX,ULSD,2.3317,0.2483,0.2,0,0.075,0.0009,2.856,3.489,2.856,0.633
43969,"LOVES #331",Hutchins,TX,ULSD,2.3625,0.2483,0.2,0,0.0487,0.0009,2.86,3.489,2.86,0.629
43260,"LOVES #628",Italy,TX,ULSD,2.3625,0.2483,0.2,0,0.085,0.0009,2.897,3.489,2.897,0.592
43912,"LOVES #234",Katy,TX,ULSD,2.3317,0.2483,0.2,0,0.075,0.0009,2.856,3.589,2.856,0.733
48250,"LOVES #853",Kermit,TX,ULSD,2.4364,0.2483,0.2,0,0.0995,0.0009,2.985,3.589,2.985,0.604
43953,"LOVES #327",Kingsville,TX,ULSD,2.311,0.2483,0.2,0,0.0596,0.0009,2.82,3.349,2.82,0.529
17205,"LOVES #762",Laredo,TX,ULSD,2.5631,0.2483,0.2,0,0.075,0.0009,3.087,3.549,3.087,0.462
43625,"LOVES #473",Leary,TX,ULSD,2.5035,0.2483,0.2,0,0.095,0.0009,3.048,3.489,3.048,0.441
43304,"LOVES #589",Lubbock,TX,ULSD,2.3917,0.2483,0.2,0,0.075,0.0009,2.916,3.489,2.916,0.573
43637,"LOVES #290",Lufkin,TX,ULSD,2.3268,0.2483,0.2,0,0.0975,0.0009,2.874,3.689,2.874,0.815
44382,"LOVES #709",Lufkin,TX,ULSD,2.3268,0.2483,0.2,0,0.0975,0.0009,2.874,3.689,2.874,0.815
43305,"LOVES #264",Luling,TX,ULSD,2.3317,0.2483,0.2,0,0.105,0.0009,2.886,3.589,2.886,0.703
43316,"LOVES #247",Memphis,TX,ULSD,2.3157,0.2483,0.2,0,0.1075,0.0009,2.872,3.689,2.872,0.817
43860,"LOVES #623",Midland,TX,ULSD,2.4364,0.2483,0.2,0,0.07,0.0009,2.956,3.649,2.956,0.693
43156,"LOVES #216",Midlothian,TX,ULSD,2.3625,0.2483,0.2,0,0.0487,0.0009,2.86,3.549,2.86,0.689
43609,"LOVES #279","Mount Vernon",TX,ULSD,2.5035,0.2483,0.2,0,0.0736,0.0009,3.026,3.449,3.026,0.423
43002,"LOVES #471",Natalia,TX,ULSD,2.3559,0.2483,0.2,0,0.07,0.0009,2.875,3.389,2.875,0.514
40319,"LOVES #852","New Boston",TX,ULSD,2.5035,0.2483,0.2,0,0.0975,0.0009,3.05,3.489,3.05,0.439
43773,"LOVES #339","Odessa ",TX,ULSD,2.4364,0.2483,0.2,0,0.0695,0.0009,2.955,3.549,2.955,0.594
14018,"LOVES #678",Paris,TX,ULSD,2.3625,0.2483,0.2,0,0.0855,0.0009,2.897,3.549,2.897,0.652
43872,"LOVES #492",Pecos,TX,ULSD,2.4364,0.2483,0.2,0,0.11,0.0009,2.996,3.589,2.996,0.593
36005,"LOVES #662",Quanah,TX,ULSD,2.3157,0.2483,0.2,0,0.1075,0.0009,2.872,3.749,2.872,0.877
43418,"LOVES #270",Ranger,TX,ULSD,2.4377,0.2483,0.2,0,0.115,0.0009,3.002,3.589,3.002,0.587
43934,"LOVES #380",Rhome,TX,ULSD,2.3625,0.2483,0.2,0,0.07,0.0009,2.882,3.489,2.882,0.607
43854,"LOVES #283",Rockwall,TX,ULSD,2.3625,0.2483,0.2,0,0.0625,0.0009,2.874,3.449,2.874,0.575
43877,"LOVES #242","San Antonio",TX,ULSD,2.3559,0.2483,0.2,0,0.0575,0.0009,2.863,3.449,2.863,0.586
43335,"LOVES #463",Seguin,TX,ULSD,2.3559,0.2483,0.2,0,0.0475,0.0009,2.853,3.449,2.853,0.596
44159,"LOVES #672",Sinton,TX,ULSD,2.311,0.2483,0.2,0,0.0722,0.0009,2.832,3.349,2.832,0.517
44498,"LOVES #700",Sonora,TX,ULSD,2.4364,0.2483,0.2,0,0.1524,0.0009,3.038,3.799,3.038,0.761
12089,"LOVES #738","Sulphur Springs",TX,ULSD,2.4618,0.2483,0.2,0,0.0875,0.0009,2.999,3.449,2.999,0.45
43057,"LOVES #475",Sweetwater,TX,ULSD,2.4377,0.2483,0.2,0,0.075,0.0009,2.962,3.549,2.962,0.587
9360,"LOVES #984",TULIA,TX,ULSD,2.3157,0.2483,0.2,0,0.0775,0.0009,2.842,3.489,2.842,0.647
43538,"LOVES #342","Three Rivers",TX,ULSD,2.3559,0.2483,0.2,0,0.065,0.0009,2.87,3.349,2.87,0.479
4076,"LOVES #719",Troy,TX,ULSD,2.3951,0.2483,0.2,0,0.055,0.0009,2.899,3.489,2.899,0.59
43570,"LOVES #287",Van,TX,ULSD,2.5035,0.2483,0.2,0,0.0575,0.0009,3.01,3.449,3.01,0.439
14024,"LOVES #651",Van,TX,ULSD,2.5035,0.2483,0.2,0,0.0575,0.0009,3.01,3.449,3.01,0.439
43292,"LOVES #256","Van Horn",TX,ULSD,2.4641,0.2483,0.2,0,0.13,0.0009,3.043,3.589,3.043,0.546
43853,"LOVES #233",Waller,TX,ULSD,2.3317,0.2483,0.2,0,0.0875,0.0009,2.868,3.589,2.868,0.721
43426,"LOVES #273",Weatherford,TX,ULSD,2.3625,0.2483,0.2,0,0.06,0.0009,2.872,3.489,2.872,0.617
43158,"LOVES #484",Weimar,TX,ULSD,2.3317,0.2483,0.2,0,0.105,0.0009,2.886,3.589,2.886,0.703
43377,"LOVES #269","Wichita Falls",TX,ULSD,2.4189,0.2483,0.2,0,0.1,0.0009,2.968,3.449,2.968,0.481
43688,"LOVES #468",Willis,TX,ULSD,2.3317,0.2483,0.2,0,0.095,0.0009,2.876,3.389,2.876,0.513
4285,"LOVES #815",Winona,TX,ULSD,2.5035,0.2483,0.2,0,0.0575,0.0009,3.01,3.449,3.01,0.439
47039,"LOVES #686","Brigham City",UT,ULSD,2.4243,0.2483,0.379,0,0.06,0.0065,3.118,3.789,3.118,0.671
45516,"LOVES #335","Cedar City",UT,ULSD,2.4593,0.2483,0.379,0,0.1375,0.0065,3.231,3.889,3.231,0.658
26229,"LOVES #835",Fillmore,UT,ULSD,2.4243,0.2483,0.379,0,0.1625,0.0065,3.221,3.789,3.221,0.568
51130,"LOVES #792","Green River",UT,ULSD,2.4243,0.2483,0.379,0,0.1637,0.0065,3.222,3.789,3.222,0.567
45058,"LOVES #581",Salina,UT,ULSD,2.4243,0.2483,0.379,0,0.1487,0.0065,3.207,3.789,3.207,0.582
45031,"LOVES #436","Salt Lake City",UT,ULSD,2.4243,0.2483,0.379,0,0.045,0.0065,3.103,3.649,3.103,0.546
45046,"LOVES #518",Springville,UT,ULSD,2.4243,0.2483,0.379,0,0.0875,0.0065,3.146,3.789,3.146,0.643
11113,"LOVES #715",Bastian,VA,ULSD,2.3546,0.2483,0.327,0,0.15,0.1,3.18,4.039,3.18,0.859
44499,"LOVES #707",Covington,VA,ULSD,2.3546,0.2483,0.327,0,0.085,0.1,3.115,3.989,3.115,0.874
7059,"LOVES #717",Disputanta,VA,ULSD,2.3521,0.2483,0.327,0,0.0675,0.1,3.095,3.849,3.095,0.754
30404,"LOVES #574",ELLISTON,VA,ULSD,2.3546,0.2483,0.327,0,0.1507,0.1,3.181,3.989,3.181,0.808
47122,"LOVES #560",Franklin,VA,ULSD,2.3523,0.2483,0.327,0,0.0875,0.1,3.115,3.949,3.115,0.834
47183,"LOVES #399",Lambsburg,VA,ULSD,2.3433,0.2483,0.327,0,0.089,0.1,3.108,3.889,3.108,0.781
47016,"LOVES #239","Max Meadows",VA,ULSD,2.3546,0.2483,0.327,0,0.15,0.1,3.18,3.989,3.18,0.809
47212,"LOVES #613",Meadowview,VA,ULSD,2.3546,0.2483,0.327,0,0.1335,0.1,3.163,3.719,3.163,0.556
51080,"LOVES #705","Providence Forge",VA,ULSD,2.3521,0.2483,0.327,0,0.0725,0.1,3.1,3.989,3.1,0.889
47082,"LOVES #435","Ruther Glen",VA,ULSD,2.3521,0.2483,0.327,0,0.055,0.1,3.082,3.989,3.082,0.907
47421,"LOVES #317",Skippers,VA,ULSD,2.3521,0.2483,0.327,0,0.08,0.1,3.107,3.949,3.107,0.842
47256,"LOVES #469","South Hill",VA,ULSD,2.3521,0.2483,0.327,0,0.09,0.1,3.117,3.949,3.117,0.832
2070,"LOVES #706",Staunton,VA,ULSD,2.3546,0.2483,0.327,0,0.0905,0.1,3.12,3.989,3.12,0.869
47162,"LOVES #305","Toms Brook",VA,ULSD,2.3642,0.2483,0.327,0,0.1025,0.1,3.142,3.989,3.142,0.847
48391,"LOVES #413",Ellensburg,WA,ULSD,3.194,0.2483,0.584,0.01093,0.1458,0.03643,4.219,4.789,4.219,0.57
16272,"LOVES #827","Moses Lake",WA,ULSD,3.2432,0.2483,0.584,0.01095,0.1029,0.03643,4.226,4.989,4.226,0.763
48407,"LOVES #454",Napavine,WA,ULSD,3.194,0.2483,0.584,0.0107,0.0695,0.03643,4.143,4.889,4.143,0.746
9209,"LOVES #811",Pasco,WA,ULSD,3.313,0.2483,0.584,0.01117,0.1059,0.03643,4.299,5.049,4.299,0.75
48062,"LOVES #681",Prosser,WA,ULSD,3.313,0.2483,0.584,0.01117,0.1059,0.03643,4.299,5.049,4.299,0.75
48072,"LOVES #514",Ritzville,WA,ULSD,3.2432,0.2483,0.584,0.01086,0.0715,0.03643,4.194,4.789,4.194,0.595
48392,"LOVES #448",Tacoma,WA,ULSD,3.194,0.2483,0.584,0.0107,0.0695,0.03643,4.143,4.889,4.143,0.746
29022,"LOVES #637","Dekorra - Poynette",WI,ULSD,2.1864,0.2483,0.309,0,0.0465,0.02,2.81,3.549,2.81,0.739
44637,"LOVES #752",Elkhorn,WI,ULSD,2.2007,0.2483,0.309,0,0.065,0.02,2.843,3.689,2.843,0.846
50174,"LOVES #587","Fond du Lac",WI,ULSD,2.3715,0.2483,0.309,0,0.04,0.02,2.989,3.549,2.989,0.56
50265,"LOVES #622",Menomonie,WI,ULSD,2.233,0.2483,0.309,0,0.068,0.02,2.878,3.789,2.878,0.911
50228,"LOVES #432","Oak Creek",WI,ULSD,2.2085,0.2483,0.309,0,0.0675,0.02,2.853,3.789,2.853,0.936
50331,"LOVES #345",Oakdale,WI,ULSD,2.233,0.2483,0.309,0,0.0712,0.02,2.882,3.549,2.882,0.667
32003,"LOVES #640",Sheboygan,WI,ULSD,2.2085,0.2483,0.309,0,0.065,0.02,2.851,3.349,2.851,0.498
49071,"LOVES #378",Ripley,WV,ULSD,2.3536,0.2483,0.357,0,0.0605,0,3.019,3.749,3.019,0.73
23400,"LOVES #965",BUFFALO,WY,ULSD,2.7065,0.2483,0.23,0,0.1512,0.01,3.346,3.089,3.089,0
51008,"LOVES #220",Cheyenne,WY,ULSD,2.1956,0.2483,0.23,0,0.0795,0.01,2.763,3.689,2.763,0.926
1252,"LOVES #888","Green River",WY,ULSD,2.4243,0.2483,0.23,0,0.12,0.01,3.033,3.589,3.033,0.556
4090,"LOVES #723",Laramie,WY,ULSD,2.1956,0.2483,0.23,0,0.0775,0.01,2.761,3.689,2.761,0.928
51068,"LOVES #310",Wamsutter,WY,ULSD,2.1956,0.2483,0.23,0,0.085,0.01,2.769,3.589,2.769,0.82
